column,r1_class,verified_verdict,partitions_checked,evidence,file_line
advisory_cohort_delta,absent,CONFIRMED_CONSTANT,b0_train_flat4y;b0_train_post2018;b0_train_fullpop;b0_eval2024,"n_distinct=1 on every partition it is fed to; value=0.0. Rows: flat4y 999,999 / post2018 1,375,079 / fullpop 1,004,208 / eval2024 330,665. NULL 0%.","autosafe/feature_engineering_v55.py:654,658,662"
b6_location_map_status,absent,CONFIRMED_CONSTANT,base_flat4y_r250k;base_flat4y_r1m;base_flat2y_r1m;base_post2018_r1m;base_eval2024,"n_distinct=1 = 'present' on all 5 base partitions (flat4y r250k+r1m, flat2y r1m, post2018 r1m, eval2024). Never takes 'absent' in any built frame.",factory/blocks.py:212
has_corrosion_history,absent,CONFIRMED_CONSTANT,b0_train_flat4y;b0_train_post2018;b0_train_fullpop;b0_eval2024,"n_distinct=1 on every partition it is fed to; value=0.0. Rows: flat4y 999,999 / post2018 1,375,079 / fullpop 1,004,208 / eval2024 330,665. NULL 0%.","autosafe/feature_engineering_v55.py:510,514"
has_damage_history,absent,CONFIRMED_CONSTANT,b0_train_flat4y;b0_train_post2018;b0_train_fullpop;b0_eval2024,"n_distinct=1 on every partition it is fed to; value=0.0. Rows: flat4y 999,999 / post2018 1,375,079 / fullpop 1,004,208 / eval2024 330,665. NULL 0%.","autosafe/feature_engineering_v55.py:510,514"
has_wear_history,absent,CONFIRMED_CONSTANT,b0_train_flat4y;b0_train_post2018;b0_train_fullpop;b0_eval2024,"n_distinct=1 on every partition it is fed to; value=0.0. Rows: flat4y 999,999 / post2018 1,375,079 / fullpop 1,004,208 / eval2024 330,665. NULL 0%.","autosafe/feature_engineering_v55.py:510,514"
make_fail_rate_smoothed,absent,CONFIRMED_CONSTANT,b0_train_flat4y;b0_train_post2018;b0_train_fullpop;b0_eval2024,"n_distinct=1 on every partition it is fed to; value=0.28. Rows: flat4y 999,999 / post2018 1,375,079 / fullpop 1,004,208 / eval2024 330,665. NULL 0%.","autosafe/feature_engineering_v55.py:692,694,728"
mileage_cohort_ratio,absent,CONFIRMED_CONSTANT,b0_train_flat4y;b0_train_post2018;b0_train_fullpop;b0_eval2024,"n_distinct=1 on every partition it is fed to; value=1.0. Rows: flat4y 999,999 / post2018 1,375,079 / fullpop 1,004,208 / eval2024 330,665. NULL 0%.","autosafe/feature_engineering_v55.py:642,647,649,661"
model_fail_rate_smoothed,absent,CONFIRMED_CONSTANT,b0_train_flat4y;b0_train_post2018;b0_train_fullpop;b0_eval2024,"n_distinct=1 on every partition it is fed to; value=0.28. Rows: flat4y 999,999 / post2018 1,375,079 / fullpop 1,004,208 / eval2024 330,665. NULL 0%.","autosafe/feature_engineering_v55.py:685,687,729"
segment_fail_rate_smoothed,absent,CONFIRMED_CONSTANT,b0_train_flat4y;b0_train_post2018;b0_train_fullpop;b0_eval2024,"n_distinct=1 on every partition it is fed to; value=0.28. Rows: flat4y 999,999 / post2018 1,375,079 / fullpop 1,004,208 / eval2024 330,665. NULL 0%.","autosafe/feature_engineering_v55.py:776,779,781"
station_fail_rate_smoothed,absent,CONFIRMED_CONSTANT,b0_train_flat4y;b0_train_post2018;b0_train_fullpop;b0_eval2024,"n_distinct=1 on every partition it is fed to; value=0.25. Rows: flat4y 999,999 / post2018 1,375,079 / fullpop 1,004,208 / eval2024 330,665. NULL 0%.",autosafe/feature_engineering_v55.py:584
station_strictness_bias,absent,CONFIRMED_CONSTANT,b0_train_flat4y;b0_train_post2018;b0_train_fullpop;b0_eval2024,"n_distinct=1 on every partition it is fed to; value=0.0. Rows: flat4y 999,999 / post2018 1,375,079 / fullpop 1,004,208 / eval2024 330,665. NULL 0%.",autosafe/feature_engineering_v55.py:583
station_x_prev_outcome_fail_rate,absent,CONFIRMED_CONSTANT,b0_train_flat4y;b0_train_post2018;b0_train_fullpop;b0_eval2024,"n_distinct=1 on every partition it is fed to; value=0.25. Rows: flat4y 999,999 / post2018 1,375,079 / fullpop 1,004,208 / eval2024 330,665. NULL 0%.",autosafe/feature_engineering_v55.py:585
suspension_risk_profile,absent,CONFIRMED_CONSTANT,b0_train_flat4y;b0_train_post2018;b0_train_fullpop;b0_eval2024,"n_distinct=1 on every partition it is fed to; value=0.0. Rows: flat4y 999,999 / post2018 1,375,079 / fullpop 1,004,208 / eval2024 330,665. NULL 0%.",autosafe/feature_engineering_v55.py:838
text_corrosion_index,absent,CONFIRMED_CONSTANT,b0_train_flat4y;b0_train_post2018;b0_train_fullpop;b0_eval2024,"n_distinct=1 on every partition it is fed to; value=0.0. Rows: flat4y 999,999 / post2018 1,375,079 / fullpop 1,004,208 / eval2024 330,665. NULL 0%.","autosafe/feature_engineering_v55.py:510,512"
text_corrosion_index_log,absent,CONFIRMED_CONSTANT,b0_train_flat4y;b0_train_post2018;b0_train_fullpop;b0_eval2024,"n_distinct=1 on every partition it is fed to; value=0.0. Rows: flat4y 999,999 / post2018 1,375,079 / fullpop 1,004,208 / eval2024 330,665. NULL 0%.","autosafe/feature_engineering_v55.py:510,513"
text_damage_index,absent,CONFIRMED_CONSTANT,b0_train_flat4y;b0_train_post2018;b0_train_fullpop;b0_eval2024,"n_distinct=1 on every partition it is fed to; value=0.0. Rows: flat4y 999,999 / post2018 1,375,079 / fullpop 1,004,208 / eval2024 330,665. NULL 0%.","autosafe/feature_engineering_v55.py:510,512"
text_damage_index_log,absent,CONFIRMED_CONSTANT,b0_train_flat4y;b0_train_post2018;b0_train_fullpop;b0_eval2024,"n_distinct=1 on every partition it is fed to; value=0.0. Rows: flat4y 999,999 / post2018 1,375,079 / fullpop 1,004,208 / eval2024 330,665. NULL 0%.","autosafe/feature_engineering_v55.py:510,513"
text_wear_index,absent,CONFIRMED_CONSTANT,b0_train_flat4y;b0_train_post2018;b0_train_fullpop;b0_eval2024,"n_distinct=1 on every partition it is fed to; value=0.0. Rows: flat4y 999,999 / post2018 1,375,079 / fullpop 1,004,208 / eval2024 330,665. NULL 0%.","autosafe/feature_engineering_v55.py:510,512"
text_wear_index_log,absent,CONFIRMED_CONSTANT,b0_train_flat4y;b0_train_post2018;b0_train_fullpop;b0_eval2024,"n_distinct=1 on every partition it is fed to; value=0.0. Rows: flat4y 999,999 / post2018 1,375,079 / fullpop 1,004,208 / eval2024 330,665. NULL 0%.","autosafe/feature_engineering_v55.py:510,513"
b1_n_prior_test_days,equivalent,CONFIRMED_DUPLICATE,base_flat4y_r250k;base_flat4y_r1m;base_flat2y_r1m;base_post2018_r1m;base_eval2024,NOT FLAGGED BY R1. EXACT-EQUAL to b4_deterioration_slope_n_days on all 5 partitions (0 differing rows). Keep this one (it is the declared D13-safe depth measure and the denominator every b2_*_persistence divides by); drop the B4 twin.,factory/blocks.py:86 vs factory/blocks.py:174
b1_n_prior_tests,duplicate_redundant,CONFIRMED_DUPLICATE,base_flat4y_r250k;base_flat4y_r1m;base_flat2y_r1m;base_post2018_r1m;base_eval2024,"EXACT-EQUAL to n_prior_tests (identity, cross-frame): 0 differing rows under NULL-safe IS DISTINCT FROM. Measured on b0_flat4y_eb (n=999,999), b0_eval2024_eb (n=330,665) and pre-EB b0_flat4y (n=999,999).",factory/blocks.py:87; emitter factory/blocks.py:271-325
b4_burden_x_age,duplicate_redundant,CONFIRMED_DUPLICATE,base_flat4y_r250k;base_flat4y_r1m;base_flat2y_r1m;base_post2018_r1m;base_eval2024,"Not identity, but an EXACT deterministic function of fed columns: b4_burden_mean_last3*b1_age_at_target_years (exact, 0 differing rows both partitions). Verified on b0_flat4y_eb n=999,999 and b0_eval2024_eb n=330,665.",factory/blocks.py:170; emitter factory/blocks.py:384-407
b4_deterioration_slope_n_days,equivalent,CONFIRMED_DUPLICATE,base_flat4y_r250k;base_flat4y_r1m;base_flat2y_r1m;base_post2018_r1m;base_eval2024,"NOT FLAGGED BY R1 (both this and b1_n_prior_test_days classified 'equivalent' = usable). EXACT-EQUAL to b1_n_prior_test_days: 0 differing rows on flat4y_r1m (n=999,999), flat4y_r250k (249,998), post2018_r1m (1,375,079), eval2024 (330,665) and fullpop (1,004,208). Both are the count of prior test-days, so the slope's 'honest denominator' is the depth measure itself.",factory/blocks.py:86 vs factory/blocks.py:174
brake_system_stress,duplicate_redundant,CONFIRMED_DUPLICATE,b0_train_flat4y;b0_train_post2018;b0_train_fullpop;b0_eval2024,"Not identity, but an EXACT deterministic function of fed columns: prev_adv_brakes+ln(1+n_prior_tests)/3 (exact, 0 differing rows). Verified on b0_flat4y_eb n=999,999 and b0_eval2024_eb n=330,665.",autosafe/feature_engineering_v55.py:797
commercial_wear_proxy,duplicate_redundant,CONFIRMED_DUPLICATE,b0_train_flat4y;b0_train_post2018;b0_train_fullpop;b0_eval2024,"Not identity, but an EXACT deterministic function of fed columns: ln(1+annualized_mileage_v2/1e4)+overdue/365+ln(1+n_prior_tests)/3 (equal to 1e-9; 165,255 bitwise diffs are float-assoc only, maxabs=0.0). Verified on b0_flat4y_eb n=999,999 and b0_eval2024_eb n=330,665.",autosafe/feature_engineering_v55.py:804
days_since_pass_ratio,duplicate_redundant,CONFIRMED_DUPLICATE,b0_train_flat4y;b0_train_post2018;b0_train_fullpop;b0_eval2024,"Not identity, but an EXACT deterministic function of fed columns: days_since_last_test/365.0 (exact affine, 0 differing rows). Verified on b0_flat4y_eb n=999,999 and b0_eval2024_eb n=330,665.",autosafe/feature_engineering_v55.py:669
eb_unified_prior,duplicate_redundant,CONFIRMED_DUPLICATE,b0_train_flat4y;b0_train_post2018;b0_train_fullpop;b0_eval2024,"EXACT-EQUAL to model_age_fail_rate_eb (identity): 0 differing rows under NULL-safe IS DISTINCT FROM. Measured on b0_flat4y_eb (n=999,999), b0_eval2024_eb (n=330,665) and pre-EB b0_flat4y (n=999,999).","autosafe/feature_engineering_v55.py:725,755,759"
front_end_advisory_intensity,duplicate_redundant,CONFIRMED_DUPLICATE,b0_train_flat4y;b0_train_post2018;b0_train_fullpop;b0_eval2024,"Not identity, but an EXACT deterministic function of fed columns: prev_adv_steering+prev_adv_suspension+prev_adv_tyres (exact, 0 differing rows). Verified on b0_flat4y_eb n=999,999 and b0_eval2024_eb n=330,665. ALSO constant on b0_train_fullpop (nd=1) but VARIES on b0_train_flat4y/post2018 AND on b0_eval2024. Root cause: queue.txt:167 builds frames_fullpop with --defect-detail counts -> build.py:112 -> emit.py:549 include_defects=False -> packets.py:163 writes defects_json=NULL for all 5,560,040 prior rows (measured: 0 non-null). Its paired eval frame b0_eval2024_eb_fullpop DOES carry defects. TRAIN/SERVE SKEW for cell s2.D.confirm.final.",autosafe/feature_engineering_v55.py:787
has_advisory_history,duplicate_redundant,CONFIRMED_DUPLICATE,b0_train_flat4y;b0_train_post2018;b0_train_fullpop;b0_eval2024,"Not identity, but an EXACT deterministic function of fed columns: indicator prev_count_advisory>0 (exact, 0 differing rows). Verified on b0_flat4y_eb n=999,999 and b0_eval2024_eb n=330,665. ALSO constant on b0_train_fullpop (nd=1) but VARIES on b0_train_flat4y/post2018 AND on b0_eval2024. Root cause: queue.txt:167 builds frames_fullpop with --defect-detail counts -> build.py:112 -> emit.py:549 include_defects=False -> packets.py:163 writes defects_json=NULL for all 5,560,040 prior rows (measured: 0 non-null). Its paired eval frame b0_eval2024_eb_fullpop DOES carry defects. TRAIN/SERVE SKEW for cell s2.D.confirm.final.",autosafe/feature_engineering_v55.py:519
local_corrosion_delta,duplicate_redundant,CONFIRMED_DUPLICATE,b0_train_flat4y;b0_train_post2018;b0_train_fullpop;b0_eval2024,"Not identity, but an EXACT deterministic function of fed columns: local_corrosion_index-0.5 (exact affine, 0 differing rows). Verified on b0_flat4y_eb n=999,999 and b0_eval2024_eb n=330,665.",autosafe/feature_engineering_v55.py:582
max_severity_score,duplicate_redundant,CONFIRMED_DUPLICATE,b0_train_flat4y;b0_train_post2018;b0_train_fullpop;b0_eval2024,"Not identity, but an EXACT deterministic function of fed columns: 2 if n_prior_fails>0 else 1 if prev_count_advisory>0 else 0 (exact, 0 differing rows). Verified on b0_flat4y_eb n=999,999 and b0_eval2024_eb n=330,665.",autosafe/feature_engineering_v55.py:532
mdps_score,duplicate_redundant,CONFIRMED_DUPLICATE,b0_train_flat4y;b0_train_post2018;b0_train_fullpop;b0_eval2024,"Not identity, but an EXACT deterministic function of fed columns: days_late/365.0 (exact affine, 0 differing rows). Verified on b0_flat4y_eb n=999,999 and b0_eval2024_eb n=330,665.",autosafe/feature_engineering_v55.py:807
mech_decay_brake,duplicate_redundant,CONFIRMED_DUPLICATE,b0_train_flat4y;b0_train_post2018;b0_train_fullpop;b0_eval2024,"Not identity, but an EXACT deterministic function of fed columns: LEAST(prev_adv_brakes*0.2,1.0) (exact, 0 differing rows; saturating => many-to-one). Verified on b0_flat4y_eb n=999,999 and b0_eval2024_eb n=330,665. ALSO constant on b0_train_fullpop (nd=1) but VARIES on b0_train_flat4y/post2018 AND on b0_eval2024. Root cause: queue.txt:167 builds frames_fullpop with --defect-detail counts -> build.py:112 -> emit.py:549 include_defects=False -> packets.py:163 writes defects_json=NULL for all 5,560,040 prior rows (measured: 0 non-null). Its paired eval frame b0_eval2024_eb_fullpop DOES carry defects. TRAIN/SERVE SKEW for cell s2.D.confirm.final.",autosafe/feature_engineering_v55.py:539
mech_decay_index,duplicate_redundant,CONFIRMED_DUPLICATE,b0_train_flat4y;b0_train_post2018;b0_train_fullpop;b0_eval2024,"Not identity, but an EXACT deterministic function of fed columns: GREATEST of the 4 mech_decay_* (exact, 0 differing rows). Verified on b0_flat4y_eb n=999,999 and b0_eval2024_eb n=330,665. ALSO constant on b0_train_fullpop (nd=1) but VARIES on b0_train_flat4y/post2018 AND on b0_eval2024. Root cause: queue.txt:167 builds frames_fullpop with --defect-detail counts -> build.py:112 -> emit.py:549 include_defects=False -> packets.py:163 writes defects_json=NULL for all 5,560,040 prior rows (measured: 0 non-null). Its paired eval frame b0_eval2024_eb_fullpop DOES carry defects. TRAIN/SERVE SKEW for cell s2.D.confirm.final.","autosafe/feature_engineering_v55.py:547,567"
mech_decay_index_normalized,duplicate_redundant,CONFIRMED_DUPLICATE,b0_train_flat4y;b0_train_post2018;b0_train_fullpop;b0_eval2024,"EXACT-EQUAL to mech_decay_index (identity): 0 differing rows under NULL-safe IS DISTINCT FROM. Measured on b0_flat4y_eb (n=999,999), b0_eval2024_eb (n=330,665) and pre-EB b0_flat4y (n=999,999). ALSO constant on b0_train_fullpop (nd=1) but VARIES on b0_train_flat4y/post2018 AND on b0_eval2024. Root cause: queue.txt:167 builds frames_fullpop with --defect-detail counts -> build.py:112 -> emit.py:549 include_defects=False -> packets.py:163 writes defects_json=NULL for all 5,560,040 prior rows (measured: 0 non-null). Its paired eval frame b0_eval2024_eb_fullpop DOES carry defects. TRAIN/SERVE SKEW for cell s2.D.confirm.final.","autosafe/feature_engineering_v55.py:558,561,564"
mech_decay_steering,duplicate_redundant,CONFIRMED_DUPLICATE,b0_train_flat4y;b0_train_post2018;b0_train_fullpop;b0_eval2024,"Not identity, but an EXACT deterministic function of fed columns: LEAST(prev_adv_steering*0.2,1.0) (exact, 0 differing rows). Verified on b0_flat4y_eb n=999,999 and b0_eval2024_eb n=330,665. ALSO constant on b0_train_fullpop (nd=1) but VARIES on b0_train_flat4y/post2018 AND on b0_eval2024. Root cause: queue.txt:167 builds frames_fullpop with --defect-detail counts -> build.py:112 -> emit.py:549 include_defects=False -> packets.py:163 writes defects_json=NULL for all 5,560,040 prior rows (measured: 0 non-null). Its paired eval frame b0_eval2024_eb_fullpop DOES carry defects. TRAIN/SERVE SKEW for cell s2.D.confirm.final.",autosafe/feature_engineering_v55.py:542
mech_decay_suspension,duplicate_redundant,CONFIRMED_DUPLICATE,b0_train_flat4y;b0_train_post2018;b0_train_fullpop;b0_eval2024,"Not identity, but an EXACT deterministic function of fed columns: LEAST(prev_adv_suspension*0.2,1.0) (exact, 0 differing rows). Verified on b0_flat4y_eb n=999,999 and b0_eval2024_eb n=330,665. ALSO constant on b0_train_fullpop (nd=1) but VARIES on b0_train_flat4y/post2018 AND on b0_eval2024. Root cause: queue.txt:167 builds frames_fullpop with --defect-detail counts -> build.py:112 -> emit.py:549 include_defects=False -> packets.py:163 writes defects_json=NULL for all 5,560,040 prior rows (measured: 0 non-null). Its paired eval frame b0_eval2024_eb_fullpop DOES carry defects. TRAIN/SERVE SKEW for cell s2.D.confirm.final.",autosafe/feature_engineering_v55.py:540
mech_risk_driver,duplicate_redundant,CONFIRMED_DUPLICATE,b0_train_flat4y;b0_train_post2018;b0_train_fullpop;b0_eval2024,"Not identity, but an EXACT deterministic function of fed columns: argmax label over the 4 mech_decay_* (exact function of fed columns). Verified on b0_flat4y_eb n=999,999 and b0_eval2024_eb n=330,665. ALSO constant on b0_train_fullpop (nd=1) but VARIES on b0_train_flat4y/post2018 AND on b0_eval2024. Root cause: queue.txt:167 builds frames_fullpop with --defect-detail counts -> build.py:112 -> emit.py:549 include_defects=False -> packets.py:163 writes defects_json=NULL for all 5,560,040 prior rows (measured: 0 non-null). Its paired eval frame b0_eval2024_eb_fullpop DOES carry defects. TRAIN/SERVE SKEW for cell s2.D.confirm.final.","autosafe/feature_engineering_v55.py:568,570,572,574,576"
n_prior_tests,duplicate_redundant,CONFIRMED_DUPLICATE,b0_train_flat4y;b0_train_post2018;b0_train_fullpop;b0_eval2024,"EXACT-EQUAL to b1_n_prior_tests (identity, cross-frame): 0 differing rows under NULL-safe IS DISTINCT FROM. Measured on b0_flat4y_eb (n=999,999), b0_eval2024_eb (n=330,665) and pre-EB b0_flat4y (n=999,999).",autosafe/feature_engineering_v55.py:400
raw_behavioral_count,duplicate_redundant,CONFIRMED_DUPLICATE,b0_train_flat4y;b0_train_post2018;b0_train_fullpop;b0_eval2024,"EXACT-EQUAL to prev_count_advisory (identity): 0 differing rows under NULL-safe IS DISTINCT FROM. Measured on b0_flat4y_eb (n=999,999), b0_eval2024_eb (n=330,665) and pre-EB b0_flat4y (n=999,999). ALSO constant on b0_train_fullpop (nd=1) but VARIES on b0_train_flat4y/post2018 AND on b0_eval2024. Root cause: queue.txt:167 builds frames_fullpop with --defect-detail counts -> build.py:112 -> emit.py:549 include_defects=False -> packets.py:163 writes defects_json=NULL for all 5,560,040 prior rows (measured: 0 non-null). Its paired eval frame b0_eval2024_eb_fullpop DOES carry defects. TRAIN/SERVE SKEW for cell s2.D.confirm.final.",autosafe/feature_engineering_v55.py:831
recent_fail_intensity,duplicate_redundant,CONFIRMED_DUPLICATE,b0_train_flat4y;b0_train_post2018;b0_train_fullpop;b0_eval2024,"EXACT-EQUAL to fails_last_365d (identity): 0 differing rows under NULL-safe IS DISTINCT FROM. Measured on b0_flat4y_eb (n=999,999), b0_eval2024_eb (n=330,665) and pre-EB b0_flat4y (n=999,999).",autosafe/feature_engineering_v55.py:422
severity_escalation_flag,duplicate_redundant,CONFIRMED_DUPLICATE,b0_train_flat4y;b0_train_post2018;b0_train_fullpop;b0_eval2024,"Not identity, but an EXACT deterministic function of fed columns: indicator fail_rate_trend>0 (exact, 0 differing rows). Verified on b0_flat4y_eb n=999,999 and b0_eval2024_eb n=330,665.",autosafe/feature_engineering_v55.py:533
advisory_in_last_1_brakes,unsafe_ambiguous,CONFIRMED_UNSAFE,b0_train_flat4y;b0_train_post2018;b0_train_fullpop;b0_eval2024,"Reads tests[:1] i.e. tests[0] (feature_engineering_v55.py:368-369). D13: feature_engineering_v55.py:221 sorts priors with a DATE-ONLY key (sorted(tests, key=lambda t: t.test_date, reverse=True)); Python's sort is stable so ties keep packet order, which the programme declares unidentified (FACTORY_CONTRACT.md:72-74). MEASURED tie exposure: 9.415% of flat4y targets with priors (86,955/923,605), 8.833% of eval2024 (27,572/312,159), 9.662% of post2018. ALSO constant on b0_train_fullpop (nd=1) but VARIES on b0_train_flat4y/post2018 AND on b0_eval2024. Root cause: queue.txt:167 builds frames_fullpop with --defect-detail counts -> build.py:112 -> emit.py:549 include_defects=False -> packets.py:163 writes defects_json=NULL for all 5,560,040 prior rows (measured: 0 non-null). Its paired eval frame b0_eval2024_eb_fullpop DOES carry defects. TRAIN/SERVE SKEW for cell s2.D.confirm.final.","autosafe/feature_engineering_v55.py:351,368-369"
advisory_in_last_1_suspension,unsafe_ambiguous,CONFIRMED_UNSAFE,b0_train_flat4y;b0_train_post2018;b0_train_fullpop;b0_eval2024,"Reads tests[:1] i.e. tests[0] (feature_engineering_v55.py:368-369). D13: feature_engineering_v55.py:221 sorts priors with a DATE-ONLY key (sorted(tests, key=lambda t: t.test_date, reverse=True)); Python's sort is stable so ties keep packet order, which the programme declares unidentified (FACTORY_CONTRACT.md:72-74). MEASURED tie exposure: 9.415% of flat4y targets with priors (86,955/923,605), 8.833% of eval2024 (27,572/312,159), 9.662% of post2018. ALSO constant on b0_train_fullpop (nd=1) but VARIES on b0_train_flat4y/post2018 AND on b0_eval2024. Root cause: queue.txt:167 builds frames_fullpop with --defect-detail counts -> build.py:112 -> emit.py:549 include_defects=False -> packets.py:163 writes defects_json=NULL for all 5,560,040 prior rows (measured: 0 non-null). Its paired eval frame b0_eval2024_eb_fullpop DOES carry defects. TRAIN/SERVE SKEW for cell s2.D.confirm.final.","autosafe/feature_engineering_v55.py:351,368-369"
advisory_in_last_1_tyres,unsafe_ambiguous,CONFIRMED_UNSAFE,b0_train_flat4y;b0_train_post2018;b0_train_fullpop;b0_eval2024,"Reads tests[:1] i.e. tests[0] (feature_engineering_v55.py:368-369). D13: feature_engineering_v55.py:221 sorts priors with a DATE-ONLY key (sorted(tests, key=lambda t: t.test_date, reverse=True)); Python's sort is stable so ties keep packet order, which the programme declares unidentified (FACTORY_CONTRACT.md:72-74). MEASURED tie exposure: 9.415% of flat4y targets with priors (86,955/923,605), 8.833% of eval2024 (27,572/312,159), 9.662% of post2018. ALSO constant on b0_train_fullpop (nd=1) but VARIES on b0_train_flat4y/post2018 AND on b0_eval2024. Root cause: queue.txt:167 builds frames_fullpop with --defect-detail counts -> build.py:112 -> emit.py:549 include_defects=False -> packets.py:163 writes defects_json=NULL for all 5,560,040 prior rows (measured: 0 non-null). Its paired eval frame b0_eval2024_eb_fullpop DOES carry defects. TRAIN/SERVE SKEW for cell s2.D.confirm.final.","autosafe/feature_engineering_v55.py:351,368-369"
advisory_trend,unsafe_ambiguous,CONFIRMED_UNSAFE,b0_train_flat4y;b0_train_post2018;b0_train_fullpop;b0_eval2024,"D13: feature_engineering_v55.py:221 sorts priors with a DATE-ONLY key (sorted(tests, key=lambda t: t.test_date, reverse=True)); Python's sort is stable so ties keep packet order, which the programme declares unidentified (FACTORY_CONTRACT.md:72-74). MEASURED tie exposure: 9.415% of flat4y targets with priors (86,955/923,605), 8.833% of eval2024 (27,572/312,159), 9.662% of post2018. Reads tests[0] AND tests[1] (FE:327-328). ALSO constant on b0_train_fullpop (nd=1) but VARIES on b0_train_flat4y/post2018 AND on b0_eval2024. Root cause: queue.txt:167 builds frames_fullpop with --defect-detail counts -> build.py:112 -> emit.py:549 include_defects=False -> packets.py:163 writes defects_json=NULL for all 5,560,040 prior rows (measured: 0 non-null). Its paired eval frame b0_eval2024_eb_fullpop DOES carry defects. TRAIN/SERVE SKEW for cell s2.D.confirm.final.","autosafe/feature_engineering_v55.py:330,332,334,336"
annualized_mileage_v2,unsafe_ambiguous,CONFIRMED_UNSAFE,b0_train_flat4y;b0_train_post2018;b0_train_fullpop;b0_eval2024,"D13: feature_engineering_v55.py:221 sorts priors with a DATE-ONLY key (sorted(tests, key=lambda t: t.test_date, reverse=True)); Python's sort is stable so ties keep packet order, which the programme declares unidentified (FACTORY_CONTRACT.md:72-74). MEASURED tie exposure: 9.415% of flat4y targets with priors (86,955/923,605), 8.833% of eval2024 (27,572/312,159), 9.662% of post2018. PLUS in-range sentinel: =10000 on 29.4161% of flat4y and 23.8456% of eval2024 rows, with no distinguishing flag. PLUS b0_module_runner.py:121 hardcodes odometer_unit=""mi"" for every prior, so the module's km->mi branch (feature_engineering_v55.py:268-270, :101) never fires. Unit share is NOT MEASURABLE: neither the lake results table nor the packets carry an odometer unit column (verified: lake results schema has test_mileage only). MEASURED exposure instead: 73.221% of flat4y training targets take their reading from a pre-2022-01-01 prior vs 0.474% at eval2024 -- a 154x train/eval asymmetry across DVSA's correction boundary (DATA_ASSESSMENT.md:170-172).","autosafe/feature_engineering_v55.py:595,606,609,612,615"
b4_burden_x_mileage_band_ord,unsafe_ambiguous,CONFIRMED_UNSAFE,base_flat4y_r250k;base_flat4y_r1m;base_flat2y_r1m;base_post2018_r1m;base_eval2024,"Era/unit-dependent BAND ASSIGNMENT. FEATURE_DICTIONARY.md:237 claims 'unit-robust'; that claim is correct only about MIXING (one reading is used) -- the band boundary itself is unit-dependent, so an 80,000 km reading bands as 60k-100k instead of 30k-60k. b0_module_runner.py:121 hardcodes odometer_unit=""mi"" for every prior, so the module's km->mi branch (feature_engineering_v55.py:268-270, :101) never fires. Unit share is NOT MEASURABLE: neither the lake results table nor the packets carry an odometer unit column (verified: lake results schema has test_mileage only). MEASURED exposure instead: 73.221% of flat4y training targets take their reading from a pre-2022-01-01 prior vs 0.474% at eval2024 -- a 154x train/eval asymmetry across DVSA's correction boundary (DATA_ASSESSMENT.md:170-172).",factory/blocks.py:171-172; emitter factory/blocks.py:384-407
b4_mileage_band,unsafe_ambiguous,CONFIRMED_UNSAFE,base_flat4y_r250k;base_flat4y_r1m;base_flat2y_r1m;base_post2018_r1m;base_eval2024,"Era/unit-dependent BAND ASSIGNMENT. FEATURE_DICTIONARY.md:237 claims 'unit-robust'; that claim is correct only about MIXING (one reading is used) -- the band boundary itself is unit-dependent, so an 80,000 km reading bands as 60k-100k instead of 30k-60k. b0_module_runner.py:121 hardcodes odometer_unit=""mi"" for every prior, so the module's km->mi branch (feature_engineering_v55.py:268-270, :101) never fires. Unit share is NOT MEASURABLE: neither the lake results table nor the packets carry an odometer unit column (verified: lake results schema has test_mileage only). MEASURED exposure instead: 73.221% of flat4y training targets take their reading from a pre-2022-01-01 prior vs 0.474% at eval2024 -- a 154x train/eval asymmetry across DVSA's correction boundary (DATA_ASSESSMENT.md:170-172).",factory/blocks.py:171-172; emitter factory/blocks.py:384-407
day_of_week,unsafe_ambiguous,CONFIRMED_UNSAFE,b0_train_flat4y;b0_train_post2018;b0_train_fullpop;b0_eval2024,"D13: feature_engineering_v55.py:221 sorts priors with a DATE-ONLY key (sorted(tests, key=lambda t: t.test_date, reverse=True)); Python's sort is stable so ties keep packet order, which the programme declares unidentified (FACTORY_CONTRACT.md:72-74). MEASURED tie exposure: 9.415% of flat4y targets with priors (86,955/923,605), 8.833% of eval2024 (27,572/312,159), 9.662% of post2018. SEMANTIC DEFECT additional to D13: these are the month/weekday of the LATEST PRIOR test (latest_test = tests[0], FE:224,230-232), not of the target test being predicted; prediction_date is used only when there are no priors.","autosafe/feature_engineering_v55.py:232,236"
days_late,unsafe_ambiguous,CONFIRMED_UNSAFE,b0_train_flat4y;b0_train_post2018;b0_train_fullpop;b0_eval2024,"D13: feature_engineering_v55.py:221 sorts priors with a DATE-ONLY key (sorted(tests, key=lambda t: t.test_date, reverse=True)); Python's sort is stable so ties keep packet order, which the programme declares unidentified (FACTORY_CONTRACT.md:72-74). MEASURED tie exposure: 9.415% of flat4y targets with priors (86,955/923,605), 8.833% of eval2024 (27,572/312,159), 9.662% of post2018. PLUS the expiry it measures against is SYNTHESISED as p_date+365d for PASSED priors only (b0_module_runner.py:116-118); the substrate has no expiry field. MEASURED days_late=0 on 60.1427% of flat4y and 61.0028% of eval2024 rows, conflating 'on time' / 'no priors' / 'latest prior failed'.","autosafe/feature_engineering_v55.py:621,623"
days_since_last_test,unsafe_ambiguous,CONFIRMED_UNSAFE,b0_train_flat4y;b0_train_post2018;b0_train_fullpop;b0_eval2024,"D13: feature_engineering_v55.py:221 sorts priors with a DATE-ONLY key (sorted(tests, key=lambda t: t.test_date, reverse=True)); Python's sort is stable so ties keep packet order, which the programme declares unidentified (FACTORY_CONTRACT.md:72-74). MEASURED tie exposure: 9.415% of flat4y targets with priors (86,955/923,605), 8.833% of eval2024 (27,572/312,159), 9.662% of post2018.","autosafe/feature_engineering_v55.py:259,262"
gap_band,unsafe_ambiguous,CONFIRMED_UNSAFE,b0_train_flat4y;b0_train_post2018;b0_train_fullpop;b0_eval2024,"D13: feature_engineering_v55.py:221 sorts priors with a DATE-ONLY key (sorted(tests, key=lambda t: t.test_date, reverse=True)); Python's sort is stable so ties keep packet order, which the programme declares unidentified (FACTORY_CONTRACT.md:72-74). MEASURED tie exposure: 9.415% of flat4y targets with priors (86,955/923,605), 8.833% of eval2024 (27,572/312,159), 9.662% of post2018.","autosafe/feature_engineering_v55.py:258,261"
high_risk_model_flag,unsafe_ambiguous,CONFIRMED_UNSAFE,b0_train_flat4y;b0_train_post2018;b0_train_fullpop;b0_eval2024,"TARGET-DERIVED STATIC LOOKUP: a hardcoded 20-model set selected by fail rate on training data (feature_engineering_v55.py:30-39), baked into serving code, not an as-of statistic. It cannot be refreshed point-in-time and it encodes label information from the fitting population. MEASURED positive rate 1.4831% train vs 0.8135% eval -- the flagged population itself shifts.","autosafe/feature_engineering_v55.py:30-39,837"
historic_negligence_ratio_smoothed,unsafe_ambiguous,CONFIRMED_UNSAFE,b0_train_flat4y;b0_train_post2018;b0_train_fullpop;b0_eval2024,"CLIPPED at 1.0 (feature_engineering_v55.py:815) and nothing is smoothed -- no shrinkage term exists in the expression, so the name misdescribes it. MEASURED mass exactly at the clip: 30.4299% of flat4y rows and 35.1894% of eval2024 rows, and the clip mass DIFFERS between train and eval by 4.76pp. ALSO constant on b0_train_fullpop (nd=1) but VARIES on b0_train_flat4y/post2018 AND on b0_eval2024. Root cause: queue.txt:167 builds frames_fullpop with --defect-detail counts -> build.py:112 -> emit.py:549 include_defects=False -> packets.py:163 writes defects_json=NULL for all 5,560,040 prior rows (measured: 0 non-null). Its paired eval frame b0_eval2024_eb_fullpop DOES carry defects. TRAIN/SERVE SKEW for cell s2.D.confirm.final.","autosafe/feature_engineering_v55.py:815,817"
is_winter_test,unsafe_ambiguous,CONFIRMED_UNSAFE,b0_train_flat4y;b0_train_post2018;b0_train_fullpop;b0_eval2024,"D13: feature_engineering_v55.py:221 sorts priors with a DATE-ONLY key (sorted(tests, key=lambda t: t.test_date, reverse=True)); Python's sort is stable so ties keep packet order, which the programme declares unidentified (FACTORY_CONTRACT.md:72-74). MEASURED tie exposure: 9.415% of flat4y targets with priors (86,955/923,605), 8.833% of eval2024 (27,572/312,159), 9.662% of post2018. SEMANTIC DEFECT additional to D13: these are the month/weekday of the LATEST PRIOR test (latest_test = tests[0], FE:224,230-232), not of the target test being predicted; prediction_date is used only when there are no priors.","autosafe/feature_engineering_v55.py:231,235"
local_corrosion_index,unsafe_ambiguous,CONFIRMED_UNSAFE,b0_train_flat4y;b0_train_post2018;b0_train_fullpop;b0_eval2024,"PROXY RISK: keyed on tgt_pc, the postcode area of the station that performed the TARGET test (blocks.py:76, tagged research_only_input, not API-observable at serving). It encodes station identity and therefore station strictness, not only climate. MEASURED 9 distinct values, range [0.45..0.85], identical on every partition -- a coarse lookup, not a fitted statistic.",autosafe/feature_engineering_v55.py:581
miles_since_last_advisory_suspension,unsafe_ambiguous,CONFIRMED_UNSAFE,b0_train_flat4y;b0_train_post2018;b0_train_fullpop;b0_eval2024,"FABRICATED QUANTITY confirmed at source: the value is min(8000, test_mileage // max(len(tests),1)) (feature_engineering_v55.py:385-393) -- 8000 is a hardcoded 'average UK annual mileage' constant, and the expression contains no reference to when the last advisory occurred. MEASURED on flat4y: 28.5794% of rows sit exactly at the 8000 cap and 43.9754% at 0 (eval2024: 30.1586% / 36.0117%), so ~72% of rows carry one of two constants. ALSO constant on b0_train_fullpop (nd=1) but VARIES on b0_train_flat4y/post2018 AND on b0_eval2024. Root cause: queue.txt:167 builds frames_fullpop with --defect-detail counts -> build.py:112 -> emit.py:549 include_defects=False -> packets.py:163 writes defects_json=NULL for all 5,560,040 prior rows (measured: 0 non-null). Its paired eval frame b0_eval2024_eb_fullpop DOES carry defects. TRAIN/SERVE SKEW for cell s2.D.confirm.final.",autosafe/feature_engineering_v55.py:385-393
miles_since_last_advisory_tyres,unsafe_ambiguous,CONFIRMED_UNSAFE,b0_train_flat4y;b0_train_post2018;b0_train_fullpop;b0_eval2024,"FABRICATED QUANTITY confirmed at source: the value is min(8000, test_mileage // max(len(tests),1)) (feature_engineering_v55.py:385-393) -- 8000 is a hardcoded 'average UK annual mileage' constant, and the expression contains no reference to when the last advisory occurred. MEASURED on flat4y: 28.5794% of rows sit exactly at the 8000 cap and 43.9754% at 0 (eval2024: 30.1586% / 36.0117%), so ~72% of rows carry one of two constants. ALSO constant on b0_train_fullpop (nd=1) but VARIES on b0_train_flat4y/post2018 AND on b0_eval2024. Root cause: queue.txt:167 builds frames_fullpop with --defect-detail counts -> build.py:112 -> emit.py:549 include_defects=False -> packets.py:163 writes defects_json=NULL for all 5,560,040 prior rows (measured: 0 non-null). Its paired eval frame b0_eval2024_eb_fullpop DOES carry defects. TRAIN/SERVE SKEW for cell s2.D.confirm.final.",autosafe/feature_engineering_v55.py:385-393
prev_cycle_outcome_band,unsafe_ambiguous,CONFIRMED_UNSAFE,b0_train_flat4y;b0_train_post2018;b0_train_fullpop;b0_eval2024,"D13: feature_engineering_v55.py:221 sorts priors with a DATE-ONLY key (sorted(tests, key=lambda t: t.test_date, reverse=True)); Python's sort is stable so ties keep packet order, which the programme declares unidentified (FACTORY_CONTRACT.md:72-74). MEASURED tie exposure: 9.415% of flat4y targets with priors (86,955/923,605), 8.833% of eval2024 (27,572/312,159), 9.662% of post2018.","autosafe/feature_engineering_v55.py:247,249,251,253"
test_mileage,unsafe_ambiguous,CONFIRMED_UNSAFE,b0_train_flat4y;b0_train_post2018;b0_train_fullpop;b0_eval2024,"D13: feature_engineering_v55.py:221 sorts priors with a DATE-ONLY key (sorted(tests, key=lambda t: t.test_date, reverse=True)); Python's sort is stable so ties keep packet order, which the programme declares unidentified (FACTORY_CONTRACT.md:72-74). MEASURED tie exposure: 9.415% of flat4y targets with priors (86,955/923,605), 8.833% of eval2024 (27,572/312,159), 9.662% of post2018. PLUS in-range sentinel: test_mileage=50000 on 8.6144% of flat4y and 5.9057% of eval2024 rows. PLUS b0_module_runner.py:121 hardcodes odometer_unit=""mi"" for every prior, so the module's km->mi branch (feature_engineering_v55.py:268-270, :101) never fires. Unit share is NOT MEASURABLE: neither the lake results table nor the packets carry an odometer unit column (verified: lake results schema has test_mileage only). MEASURED exposure instead: 73.221% of flat4y training targets take their reading from a pre-2022-01-01 prior vs 0.474% at eval2024 -- a 154x train/eval asymmetry across DVSA's correction boundary (DATA_ASSESSMENT.md:170-172).","autosafe/feature_engineering_v55.py:286,291"
test_month,unsafe_ambiguous,CONFIRMED_UNSAFE,b0_train_flat4y;b0_train_post2018;b0_train_fullpop;b0_eval2024,"D13: feature_engineering_v55.py:221 sorts priors with a DATE-ONLY key (sorted(tests, key=lambda t: t.test_date, reverse=True)); Python's sort is stable so ties keep packet order, which the programme declares unidentified (FACTORY_CONTRACT.md:72-74). MEASURED tie exposure: 9.415% of flat4y targets with priors (86,955/923,605), 8.833% of eval2024 (27,572/312,159), 9.662% of post2018. SEMANTIC DEFECT additional to D13: these are the month/weekday of the LATEST PRIOR test (latest_test = tests[0], FE:224,230-232), not of the target test being predicted; prediction_date is used only when there are no priors.","autosafe/feature_engineering_v55.py:230,234"
usage_band_hybrid,unsafe_ambiguous,CONFIRMED_UNSAFE,b0_train_flat4y;b0_train_post2018;b0_train_fullpop;b0_eval2024,"D13: feature_engineering_v55.py:221 sorts priors with a DATE-ONLY key (sorted(tests, key=lambda t: t.test_date, reverse=True)); Python's sort is stable so ties keep packet order, which the programme declares unidentified (FACTORY_CONTRACT.md:72-74). MEASURED tie exposure: 9.415% of flat4y targets with priors (86,955/923,605), 8.833% of eval2024 (27,572/312,159), 9.662% of post2018. PLUS sentinel: 'average' on 51.9490% of flat4y and 49.2417% of eval2024 rows (it is the band of annualized_mileage_v2 and inherits its 10000 default).","autosafe/feature_engineering_v55.py:596,607,610,613,616"
b1_first_use_missing_flag,equivalent,NOT_CONFIRMED,base_flat4y_r250k;base_flat4y_r1m;base_flat2y_r1m;base_post2018_r1m;base_eval2024,"R1 classified 'equivalent' (usable). MEASURED near-zero variance and CONSTANT at eval: flat4y_r1m True=38/999,999 (0.0038%), flat4y_r250k True=13 (0.0052%), post2018 True=39 (0.0028%), fullpop True=44 (0.0044%), eval2024 True=0 (100.0000% False), confirm2025h2 True=1 (0.0006%). It is constant at eval and carries essentially no training signal, but the skew direction is benign (the model sees almost only False and eval is all False). Dead weight, not a risk.",factory/blocks.py (B1 emitter)
prev_count_advisory,duplicate_redundant,NOT_DUPLICATE,b0_train_flat4y;b0_train_post2018;b0_train_fullpop;b0_eval2024,"R1's pairing with b3_n_advisory_items FAILS at row level. MEASURED on the exact join the fitter uses (base f LEFT JOIN b0 x ON x.test_id=f.tgt_id, fit_contract.py:214): flat4y/r1m 482 differing rows (0.048%), eval2024 277 differing rows (0.084%), max |diff| = 6. R1 corroborated only the RANGE [0..402], which does not establish equality. The gap is the ""'advisory' in str(defect)"" escape clause (feature_engineering_v55.py:308) also catching the 'Non-component advisories' section. NOTE it IS the exact parent of raw_behavioral_count. ALSO constant on b0_train_fullpop (nd=1) but VARIES on b0_train_flat4y/post2018 AND on b0_eval2024. Root cause: queue.txt:167 builds frames_fullpop with --defect-detail counts -> build.py:112 -> emit.py:549 include_defects=False -> packets.py:163 writes defects_json=NULL for all 5,560,040 prior rows (measured: 0 non-null). Its paired eval frame b0_eval2024_eb_fullpop DOES carry defects. TRAIN/SERVE SKEW for cell s2.D.confirm.final.","autosafe/feature_engineering_v55.py:308,321; factory/blocks.py:156"
advisory_in_last_2_brakes,partial,PARTITION_DEPENDENT,b0_train_flat4y;b0_train_post2018;b0_train_fullpop;b0_eval2024,"NOT FLAGGED BY R1 (classified partial). MEASURED n_distinct: flat4y=2, post2018=2, eval2024=2, fullpop=1 (collapsed). constant on b0_train_fullpop (nd=1) but VARIES on b0_train_flat4y/post2018 AND on b0_eval2024. Root cause: queue.txt:167 builds frames_fullpop with --defect-detail counts -> build.py:112 -> emit.py:549 include_defects=False -> packets.py:163 writes defects_json=NULL for all 5,560,040 prior rows (measured: 0 non-null). Its paired eval frame b0_eval2024_eb_fullpop DOES carry defects. TRAIN/SERVE SKEW for cell s2.D.confirm.final.","autosafe/feature_engineering_v55.py:351,372"
advisory_in_last_2_suspension,partial,PARTITION_DEPENDENT,b0_train_flat4y;b0_train_post2018;b0_train_fullpop;b0_eval2024,"NOT FLAGGED BY R1 (classified partial). MEASURED n_distinct: flat4y=2, post2018=2, eval2024=2, fullpop=1 (collapsed). constant on b0_train_fullpop (nd=1) but VARIES on b0_train_flat4y/post2018 AND on b0_eval2024. Root cause: queue.txt:167 builds frames_fullpop with --defect-detail counts -> build.py:112 -> emit.py:549 include_defects=False -> packets.py:163 writes defects_json=NULL for all 5,560,040 prior rows (measured: 0 non-null). Its paired eval frame b0_eval2024_eb_fullpop DOES carry defects. TRAIN/SERVE SKEW for cell s2.D.confirm.final.","autosafe/feature_engineering_v55.py:351,372"
advisory_in_last_2_tyres,partial,PARTITION_DEPENDENT,b0_train_flat4y;b0_train_post2018;b0_train_fullpop;b0_eval2024,"NOT FLAGGED BY R1 (classified partial). MEASURED n_distinct: flat4y=2, post2018=2, eval2024=2, fullpop=1 (collapsed). constant on b0_train_fullpop (nd=1) but VARIES on b0_train_flat4y/post2018 AND on b0_eval2024. Root cause: queue.txt:167 builds frames_fullpop with --defect-detail counts -> build.py:112 -> emit.py:549 include_defects=False -> packets.py:163 writes defects_json=NULL for all 5,560,040 prior rows (measured: 0 non-null). Its paired eval frame b0_eval2024_eb_fullpop DOES carry defects. TRAIN/SERVE SKEW for cell s2.D.confirm.final.","autosafe/feature_engineering_v55.py:351,372"
advisory_streak_len_brakes,partial,PARTITION_DEPENDENT,b0_train_flat4y;b0_train_post2018;b0_train_fullpop;b0_eval2024,"NOT FLAGGED BY R1 (classified partial). MEASURED n_distinct: flat4y=21, post2018=21, eval2024=22, fullpop=1 (collapsed). constant on b0_train_fullpop (nd=1) but VARIES on b0_train_flat4y/post2018 AND on b0_eval2024. Root cause: queue.txt:167 builds frames_fullpop with --defect-detail counts -> build.py:112 -> emit.py:549 include_defects=False -> packets.py:163 writes defects_json=NULL for all 5,560,040 prior rows (measured: 0 non-null). Its paired eval frame b0_eval2024_eb_fullpop DOES carry defects. TRAIN/SERVE SKEW for cell s2.D.confirm.final.","autosafe/feature_engineering_v55.py:351,381"
advisory_streak_len_suspension,partial,PARTITION_DEPENDENT,b0_train_flat4y;b0_train_post2018;b0_train_fullpop;b0_eval2024,"NOT FLAGGED BY R1 (classified partial). MEASURED n_distinct: flat4y=25, post2018=26, eval2024=22, fullpop=1 (collapsed). constant on b0_train_fullpop (nd=1) but VARIES on b0_train_flat4y/post2018 AND on b0_eval2024. Root cause: queue.txt:167 builds frames_fullpop with --defect-detail counts -> build.py:112 -> emit.py:549 include_defects=False -> packets.py:163 writes defects_json=NULL for all 5,560,040 prior rows (measured: 0 non-null). Its paired eval frame b0_eval2024_eb_fullpop DOES carry defects. TRAIN/SERVE SKEW for cell s2.D.confirm.final.","autosafe/feature_engineering_v55.py:351,381"
advisory_streak_len_tyres,partial,PARTITION_DEPENDENT,b0_train_flat4y;b0_train_post2018;b0_train_fullpop;b0_eval2024,"NOT FLAGGED BY R1 (classified partial). MEASURED n_distinct: flat4y=17, post2018=17, eval2024=16, fullpop=1 (collapsed). constant on b0_train_fullpop (nd=1) but VARIES on b0_train_flat4y/post2018 AND on b0_eval2024. Root cause: queue.txt:167 builds frames_fullpop with --defect-detail counts -> build.py:112 -> emit.py:549 include_defects=False -> packets.py:163 writes defects_json=NULL for all 5,560,040 prior rows (measured: 0 non-null). Its paired eval frame b0_eval2024_eb_fullpop DOES carry defects. TRAIN/SERVE SKEW for cell s2.D.confirm.final.","autosafe/feature_engineering_v55.py:351,381"
dominant_mechanism,absent,PARTITION_DEPENDENT,b0_train_flat4y;b0_train_post2018;b0_train_fullpop;b0_eval2024,"R1's 'absent' does NOT hold. MEASURED levels: flat4y {CLEAN 85.250%, NO_HISTORY 7.639%, LEAK 7.110%}, eval2024 {CLEAN 84.594%, LEAK 9.809%, NO_HISTORY 5.597%}, fullpop {CLEAN 92.373%, NO_HISTORY 7.627%} -- the LEAK level is ABSENT from the fullpop training frame but present on 9.809% of its eval rows. A categorical level the model can never have learned. constant on b0_train_fullpop (nd=1) but VARIES on b0_train_flat4y/post2018 AND on b0_eval2024. Root cause: queue.txt:167 builds frames_fullpop with --defect-detail counts -> build.py:112 -> emit.py:549 include_defects=False -> packets.py:163 writes defects_json=NULL for all 5,560,040 prior rows (measured: 0 non-null). Its paired eval frame b0_eval2024_eb_fullpop DOES carry defects. TRAIN/SERVE SKEW for cell s2.D.confirm.final.","autosafe/feature_engineering_v55.py:522,524,529"
failure_streak_len_brakes,partial,PARTITION_DEPENDENT,b0_train_flat4y;b0_train_post2018;b0_train_fullpop;b0_eval2024,"NOT FLAGGED BY R1 (classified partial). MEASURED n_distinct: flat4y=5, post2018=5, eval2024=4, fullpop=1 (collapsed). constant on b0_train_fullpop (nd=1) but VARIES on b0_train_flat4y/post2018 AND on b0_eval2024. Root cause: queue.txt:167 builds frames_fullpop with --defect-detail counts -> build.py:112 -> emit.py:549 include_defects=False -> packets.py:163 writes defects_json=NULL for all 5,560,040 prior rows (measured: 0 non-null). Its paired eval frame b0_eval2024_eb_fullpop DOES carry defects. TRAIN/SERVE SKEW for cell s2.D.confirm.final.","autosafe/feature_engineering_v55.py:438,468"
failure_streak_len_suspension,partial,PARTITION_DEPENDENT,b0_train_flat4y;b0_train_post2018;b0_train_fullpop;b0_eval2024,"NOT FLAGGED BY R1 (classified partial). MEASURED n_distinct: flat4y=5, post2018=5, eval2024=5, fullpop=1 (collapsed). constant on b0_train_fullpop (nd=1) but VARIES on b0_train_flat4y/post2018 AND on b0_eval2024. Root cause: queue.txt:167 builds frames_fullpop with --defect-detail counts -> build.py:112 -> emit.py:549 include_defects=False -> packets.py:163 writes defects_json=NULL for all 5,560,040 prior rows (measured: 0 non-null). Its paired eval frame b0_eval2024_eb_fullpop DOES carry defects. TRAIN/SERVE SKEW for cell s2.D.confirm.final.","autosafe/feature_engineering_v55.py:438,468"
failure_streak_len_tyres,partial,PARTITION_DEPENDENT,b0_train_flat4y;b0_train_post2018;b0_train_fullpop;b0_eval2024,"NOT FLAGGED BY R1 (classified partial). MEASURED n_distinct: flat4y=4, post2018=4, eval2024=4, fullpop=1 (collapsed). constant on b0_train_fullpop (nd=1) but VARIES on b0_train_flat4y/post2018 AND on b0_eval2024. Root cause: queue.txt:167 builds frames_fullpop with --defect-detail counts -> build.py:112 -> emit.py:549 include_defects=False -> packets.py:163 writes defects_json=NULL for all 5,560,040 prior rows (measured: 0 non-null). Its paired eval frame b0_eval2024_eb_fullpop DOES carry defects. TRAIN/SERVE SKEW for cell s2.D.confirm.final.","autosafe/feature_engineering_v55.py:438,468"
has_ever_failed_brakes,partial,PARTITION_DEPENDENT,b0_train_flat4y;b0_train_post2018;b0_train_fullpop;b0_eval2024,"NOT FLAGGED BY R1 (classified partial). MEASURED n_distinct: flat4y=2, post2018=2, eval2024=2, fullpop=1 (collapsed). constant on b0_train_fullpop (nd=1) but VARIES on b0_train_flat4y/post2018 AND on b0_eval2024. Root cause: queue.txt:167 builds frames_fullpop with --defect-detail counts -> build.py:112 -> emit.py:549 include_defects=False -> packets.py:163 writes defects_json=NULL for all 5,560,040 prior rows (measured: 0 non-null). Its paired eval frame b0_eval2024_eb_fullpop DOES carry defects. TRAIN/SERVE SKEW for cell s2.D.confirm.final.","autosafe/feature_engineering_v55.py:438,440"
has_ever_failed_suspension,partial,PARTITION_DEPENDENT,b0_train_flat4y;b0_train_post2018;b0_train_fullpop;b0_eval2024,"NOT FLAGGED BY R1 (classified partial). MEASURED n_distinct: flat4y=2, post2018=2, eval2024=2, fullpop=1 (collapsed). constant on b0_train_fullpop (nd=1) but VARIES on b0_train_flat4y/post2018 AND on b0_eval2024. Root cause: queue.txt:167 builds frames_fullpop with --defect-detail counts -> build.py:112 -> emit.py:549 include_defects=False -> packets.py:163 writes defects_json=NULL for all 5,560,040 prior rows (measured: 0 non-null). Its paired eval frame b0_eval2024_eb_fullpop DOES carry defects. TRAIN/SERVE SKEW for cell s2.D.confirm.final.","autosafe/feature_engineering_v55.py:438,440"
has_ever_failed_tyres,partial,PARTITION_DEPENDENT,b0_train_flat4y;b0_train_post2018;b0_train_fullpop;b0_eval2024,"NOT FLAGGED BY R1 (classified partial). MEASURED n_distinct: flat4y=2, post2018=2, eval2024=2, fullpop=1 (collapsed). constant on b0_train_fullpop (nd=1) but VARIES on b0_train_flat4y/post2018 AND on b0_eval2024. Root cause: queue.txt:167 builds frames_fullpop with --defect-detail counts -> build.py:112 -> emit.py:549 include_defects=False -> packets.py:163 writes defects_json=NULL for all 5,560,040 prior rows (measured: 0 non-null). Its paired eval frame b0_eval2024_eb_fullpop DOES carry defects. TRAIN/SERVE SKEW for cell s2.D.confirm.final.","autosafe/feature_engineering_v55.py:438,440"
has_leak_history,unsafe_ambiguous,PARTITION_DEPENDENT,b0_train_flat4y;b0_train_post2018;b0_train_fullpop;b0_eval2024,"Varies on flat4y/post2018/eval2024 but is CONSTANT 0 on fullpop. constant on b0_train_fullpop (nd=1) but VARIES on b0_train_flat4y/post2018 AND on b0_eval2024. Root cause: queue.txt:167 builds frames_fullpop with --defect-detail counts -> build.py:112 -> emit.py:549 include_defects=False -> packets.py:163 writes defects_json=NULL for all 5,560,040 prior rows (measured: 0 non-null). Its paired eval frame b0_eval2024_eb_fullpop DOES carry defects. TRAIN/SERVE SKEW for cell s2.D.confirm.final. These are the only text_* columns that vary at all -- corrosion/wear/damage are constant 0 everywhere -- so the 'text mechanism' family reduces to a single leak keyword hit. ALSO EXACT-EQUAL to mechanism_count on all 5 partitions (0 differing rows).","autosafe/feature_engineering_v55.py:510,514"
has_prior_advisory_brakes,partial,PARTITION_DEPENDENT,b0_train_flat4y;b0_train_post2018;b0_train_fullpop;b0_eval2024,"NOT FLAGGED BY R1 (classified partial). MEASURED n_distinct: flat4y=2, post2018=2, eval2024=2, fullpop=1 (collapsed). constant on b0_train_fullpop (nd=1) but VARIES on b0_train_flat4y/post2018 AND on b0_eval2024. Root cause: queue.txt:167 builds frames_fullpop with --defect-detail counts -> build.py:112 -> emit.py:549 include_defects=False -> packets.py:163 writes defects_json=NULL for all 5,560,040 prior rows (measured: 0 non-null). Its paired eval frame b0_eval2024_eb_fullpop DOES carry defects. TRAIN/SERVE SKEW for cell s2.D.confirm.final.","autosafe/feature_engineering_v55.py:351,353"
has_prior_advisory_suspension,partial,PARTITION_DEPENDENT,b0_train_flat4y;b0_train_post2018;b0_train_fullpop;b0_eval2024,"NOT FLAGGED BY R1 (classified partial). MEASURED n_distinct: flat4y=2, post2018=2, eval2024=2, fullpop=1 (collapsed). constant on b0_train_fullpop (nd=1) but VARIES on b0_train_flat4y/post2018 AND on b0_eval2024. Root cause: queue.txt:167 builds frames_fullpop with --defect-detail counts -> build.py:112 -> emit.py:549 include_defects=False -> packets.py:163 writes defects_json=NULL for all 5,560,040 prior rows (measured: 0 non-null). Its paired eval frame b0_eval2024_eb_fullpop DOES carry defects. TRAIN/SERVE SKEW for cell s2.D.confirm.final.","autosafe/feature_engineering_v55.py:351,353"
has_prior_advisory_tyres,partial,PARTITION_DEPENDENT,b0_train_flat4y;b0_train_post2018;b0_train_fullpop;b0_eval2024,"NOT FLAGGED BY R1 (classified partial). MEASURED n_distinct: flat4y=2, post2018=2, eval2024=2, fullpop=1 (collapsed). constant on b0_train_fullpop (nd=1) but VARIES on b0_train_flat4y/post2018 AND on b0_eval2024. Root cause: queue.txt:167 builds frames_fullpop with --defect-detail counts -> build.py:112 -> emit.py:549 include_defects=False -> packets.py:163 writes defects_json=NULL for all 5,560,040 prior rows (measured: 0 non-null). Its paired eval frame b0_eval2024_eb_fullpop DOES carry defects. TRAIN/SERVE SKEW for cell s2.D.confirm.final.","autosafe/feature_engineering_v55.py:351,353"
has_prior_failure_brakes,partial,PARTITION_DEPENDENT,b0_train_flat4y;b0_train_post2018;b0_train_fullpop;b0_eval2024,"NOT FLAGGED BY R1 (classified partial). MEASURED n_distinct: flat4y=2, post2018=2, eval2024=2, fullpop=1 (collapsed). constant on b0_train_fullpop (nd=1) but VARIES on b0_train_flat4y/post2018 AND on b0_eval2024. Root cause: queue.txt:167 builds frames_fullpop with --defect-detail counts -> build.py:112 -> emit.py:549 include_defects=False -> packets.py:163 writes defects_json=NULL for all 5,560,040 prior rows (measured: 0 non-null). Its paired eval frame b0_eval2024_eb_fullpop DOES carry defects. TRAIN/SERVE SKEW for cell s2.D.confirm.final.","autosafe/feature_engineering_v55.py:438,459"
has_prior_failure_suspension,partial,PARTITION_DEPENDENT,b0_train_flat4y;b0_train_post2018;b0_train_fullpop;b0_eval2024,"NOT FLAGGED BY R1 (classified partial). MEASURED n_distinct: flat4y=2, post2018=2, eval2024=2, fullpop=1 (collapsed). constant on b0_train_fullpop (nd=1) but VARIES on b0_train_flat4y/post2018 AND on b0_eval2024. Root cause: queue.txt:167 builds frames_fullpop with --defect-detail counts -> build.py:112 -> emit.py:549 include_defects=False -> packets.py:163 writes defects_json=NULL for all 5,560,040 prior rows (measured: 0 non-null). Its paired eval frame b0_eval2024_eb_fullpop DOES carry defects. TRAIN/SERVE SKEW for cell s2.D.confirm.final.","autosafe/feature_engineering_v55.py:438,459"
has_prior_failure_tyres,partial,PARTITION_DEPENDENT,b0_train_flat4y;b0_train_post2018;b0_train_fullpop;b0_eval2024,"NOT FLAGGED BY R1 (classified partial). MEASURED n_distinct: flat4y=2, post2018=2, eval2024=2, fullpop=1 (collapsed). constant on b0_train_fullpop (nd=1) but VARIES on b0_train_flat4y/post2018 AND on b0_eval2024. Root cause: queue.txt:167 builds frames_fullpop with --defect-detail counts -> build.py:112 -> emit.py:549 include_defects=False -> packets.py:163 writes defects_json=NULL for all 5,560,040 prior rows (measured: 0 non-null). Its paired eval frame b0_eval2024_eb_fullpop DOES carry defects. TRAIN/SERVE SKEW for cell s2.D.confirm.final.","autosafe/feature_engineering_v55.py:438,459"
mech_decay_structure,partial,PARTITION_DEPENDENT,b0_train_flat4y;b0_train_post2018;b0_train_fullpop;b0_eval2024,"NOT FLAGGED BY R1 (classified partial). MEASURED n_distinct: flat4y=6, post2018=6, eval2024=6, fullpop=1 (collapsed). constant on b0_train_fullpop (nd=1) but VARIES on b0_train_flat4y/post2018 AND on b0_eval2024. Root cause: queue.txt:167 builds frames_fullpop with --defect-detail counts -> build.py:112 -> emit.py:549 include_defects=False -> packets.py:163 writes defects_json=NULL for all 5,560,040 prior rows (measured: 0 non-null). Its paired eval frame b0_eval2024_eb_fullpop DOES carry defects. TRAIN/SERVE SKEW for cell s2.D.confirm.final.",autosafe/feature_engineering_v55.py:541
mechanism_count,absent,PARTITION_DEPENDENT,b0_train_flat4y;b0_train_post2018;b0_train_fullpop;b0_eval2024,"R1's 'absent' does NOT hold on the dominant partition. MEASURED n_distinct: flat4y=2 (1.0 on 7.110% of rows), post2018=2 (5.585%), eval2024=2 (9.809%), fullpop=1 (100% zero). constant on b0_train_fullpop (nd=1) but VARIES on b0_train_flat4y/post2018 AND on b0_eval2024. Root cause: queue.txt:167 builds frames_fullpop with --defect-detail counts -> build.py:112 -> emit.py:549 include_defects=False -> packets.py:163 writes defects_json=NULL for all 5,560,040 prior rows (measured: 0 non-null). Its paired eval frame b0_eval2024_eb_fullpop DOES carry defects. TRAIN/SERVE SKEW for cell s2.D.confirm.final. ALSO exactly equal to has_leak_history on all 5 partitions (0 differing rows).",autosafe/feature_engineering_v55.py:518
multi_system_advisory_count,partial,PARTITION_DEPENDENT,b0_train_flat4y;b0_train_post2018;b0_train_fullpop;b0_eval2024,"NOT FLAGGED BY R1 (classified partial). MEASURED n_distinct: flat4y=6, post2018=6, eval2024=6, fullpop=1 (collapsed). constant on b0_train_fullpop (nd=1) but VARIES on b0_train_flat4y/post2018 AND on b0_eval2024. Root cause: queue.txt:167 builds frames_fullpop with --defect-detail counts -> build.py:112 -> emit.py:549 include_defects=False -> packets.py:163 writes defects_json=NULL for all 5,560,040 prior rows (measured: 0 non-null). Its paired eval frame b0_eval2024_eb_fullpop DOES carry defects. TRAIN/SERVE SKEW for cell s2.D.confirm.final.",autosafe/feature_engineering_v55.py:346
negligence_band,different_window_or_semantics,PARTITION_DEPENDENT,b0_train_flat4y;b0_train_post2018;b0_train_fullpop;b0_eval2024,"NOT FLAGGED BY R1 (classified different_window_or_semantics). MEASURED n_distinct: flat4y=4, post2018=4, eval2024=4, fullpop=1 (collapsed). constant on b0_train_fullpop (nd=1) but VARIES on b0_train_flat4y/post2018 AND on b0_eval2024. Root cause: queue.txt:167 builds frames_fullpop with --defect-detail counts -> build.py:112 -> emit.py:549 include_defects=False -> packets.py:163 writes defects_json=NULL for all 5,560,040 prior rows (measured: 0 non-null). Its paired eval frame b0_eval2024_eb_fullpop DOES carry defects. TRAIN/SERVE SKEW for cell s2.D.confirm.final.","autosafe/feature_engineering_v55.py:823,825,827,829"
prev_adv_brakes,partial,PARTITION_DEPENDENT,b0_train_flat4y;b0_train_post2018;b0_train_fullpop;b0_eval2024,"NOT FLAGGED BY R1 (classified partial). MEASURED n_distinct: flat4y=76, post2018=76, eval2024=74, fullpop=1 (collapsed). constant on b0_train_fullpop (nd=1) but VARIES on b0_train_flat4y/post2018 AND on b0_eval2024. Root cause: queue.txt:167 builds frames_fullpop with --defect-detail counts -> build.py:112 -> emit.py:549 include_defects=False -> packets.py:163 writes defects_json=NULL for all 5,560,040 prior rows (measured: 0 non-null). Its paired eval frame b0_eval2024_eb_fullpop DOES carry defects. TRAIN/SERVE SKEW for cell s2.D.confirm.final.",autosafe/feature_engineering_v55.py:339
prev_adv_steering,partial,PARTITION_DEPENDENT,b0_train_flat4y;b0_train_post2018;b0_train_fullpop;b0_eval2024,"NOT FLAGGED BY R1 (classified partial). MEASURED n_distinct: flat4y=26, post2018=26, eval2024=22, fullpop=1 (collapsed). constant on b0_train_fullpop (nd=1) but VARIES on b0_train_flat4y/post2018 AND on b0_eval2024. Root cause: queue.txt:167 builds frames_fullpop with --defect-detail counts -> build.py:112 -> emit.py:549 include_defects=False -> packets.py:163 writes defects_json=NULL for all 5,560,040 prior rows (measured: 0 non-null). Its paired eval frame b0_eval2024_eb_fullpop DOES carry defects. TRAIN/SERVE SKEW for cell s2.D.confirm.final.",autosafe/feature_engineering_v55.py:341
prev_adv_suspension,partial,PARTITION_DEPENDENT,b0_train_flat4y;b0_train_post2018;b0_train_fullpop;b0_eval2024,"NOT FLAGGED BY R1 (classified partial). MEASURED n_distinct: flat4y=88, post2018=90, eval2024=82, fullpop=1 (collapsed). constant on b0_train_fullpop (nd=1) but VARIES on b0_train_flat4y/post2018 AND on b0_eval2024. Root cause: queue.txt:167 builds frames_fullpop with --defect-detail counts -> build.py:112 -> emit.py:549 include_defects=False -> packets.py:163 writes defects_json=NULL for all 5,560,040 prior rows (measured: 0 non-null). Its paired eval frame b0_eval2024_eb_fullpop DOES carry defects. TRAIN/SERVE SKEW for cell s2.D.confirm.final.",autosafe/feature_engineering_v55.py:340
prev_adv_tyres,partial,PARTITION_DEPENDENT,b0_train_flat4y;b0_train_post2018;b0_train_fullpop;b0_eval2024,"NOT FLAGGED BY R1 (classified partial). MEASURED n_distinct: flat4y=41, post2018=41, eval2024=44, fullpop=1 (collapsed). constant on b0_train_fullpop (nd=1) but VARIES on b0_train_flat4y/post2018 AND on b0_eval2024. Root cause: queue.txt:167 builds frames_fullpop with --defect-detail counts -> build.py:112 -> emit.py:549 include_defects=False -> packets.py:163 writes defects_json=NULL for all 5,560,040 prior rows (measured: 0 non-null). Its paired eval frame b0_eval2024_eb_fullpop DOES carry defects. TRAIN/SERVE SKEW for cell s2.D.confirm.final.",autosafe/feature_engineering_v55.py:342
tests_since_last_advisory_brakes,partial,PARTITION_DEPENDENT,b0_train_flat4y;b0_train_post2018;b0_train_fullpop;b0_eval2024,"NOT FLAGGED BY R1 (classified partial). MEASURED n_distinct: flat4y=27, post2018=27, eval2024=31, fullpop=1 (collapsed). constant on b0_train_fullpop (nd=1) but VARIES on b0_train_flat4y/post2018 AND on b0_eval2024. Root cause: queue.txt:167 builds frames_fullpop with --defect-detail counts -> build.py:112 -> emit.py:549 include_defects=False -> packets.py:163 writes defects_json=NULL for all 5,560,040 prior rows (measured: 0 non-null). Its paired eval frame b0_eval2024_eb_fullpop DOES carry defects. TRAIN/SERVE SKEW for cell s2.D.confirm.final.","autosafe/feature_engineering_v55.py:351,361,365"
tests_since_last_advisory_suspension,partial,PARTITION_DEPENDENT,b0_train_flat4y;b0_train_post2018;b0_train_fullpop;b0_eval2024,"NOT FLAGGED BY R1 (classified partial). MEASURED n_distinct: flat4y=29, post2018=31, eval2024=28, fullpop=1 (collapsed). constant on b0_train_fullpop (nd=1) but VARIES on b0_train_flat4y/post2018 AND on b0_eval2024. Root cause: queue.txt:167 builds frames_fullpop with --defect-detail counts -> build.py:112 -> emit.py:549 include_defects=False -> packets.py:163 writes defects_json=NULL for all 5,560,040 prior rows (measured: 0 non-null). Its paired eval frame b0_eval2024_eb_fullpop DOES carry defects. TRAIN/SERVE SKEW for cell s2.D.confirm.final.","autosafe/feature_engineering_v55.py:351,361,365"
tests_since_last_advisory_tyres,partial,PARTITION_DEPENDENT,b0_train_flat4y;b0_train_post2018;b0_train_fullpop;b0_eval2024,"NOT FLAGGED BY R1 (classified partial). MEASURED n_distinct: flat4y=32, post2018=34, eval2024=31, fullpop=1 (collapsed). constant on b0_train_fullpop (nd=1) but VARIES on b0_train_flat4y/post2018 AND on b0_eval2024. Root cause: queue.txt:167 builds frames_fullpop with --defect-detail counts -> build.py:112 -> emit.py:549 include_defects=False -> packets.py:163 writes defects_json=NULL for all 5,560,040 prior rows (measured: 0 non-null). Its paired eval frame b0_eval2024_eb_fullpop DOES carry defects. TRAIN/SERVE SKEW for cell s2.D.confirm.final.","autosafe/feature_engineering_v55.py:351,361,365"
tests_since_last_failure_brakes,partial,PARTITION_DEPENDENT,b0_train_flat4y;b0_train_post2018;b0_train_fullpop;b0_eval2024,"NOT FLAGGED BY R1 (classified partial). MEASURED n_distinct: flat4y=30, post2018=30, eval2024=30, fullpop=1 (collapsed). constant on b0_train_fullpop (nd=1) but VARIES on b0_train_flat4y/post2018 AND on b0_eval2024. Root cause: queue.txt:167 builds frames_fullpop with --defect-detail counts -> build.py:112 -> emit.py:549 include_defects=False -> packets.py:163 writes defects_json=NULL for all 5,560,040 prior rows (measured: 0 non-null). Its paired eval frame b0_eval2024_eb_fullpop DOES carry defects. TRAIN/SERVE SKEW for cell s2.D.confirm.final.","autosafe/feature_engineering_v55.py:438,473,476"
tests_since_last_failure_suspension,partial,PARTITION_DEPENDENT,b0_train_flat4y;b0_train_post2018;b0_train_fullpop;b0_eval2024,"NOT FLAGGED BY R1 (classified partial). MEASURED n_distinct: flat4y=26, post2018=27, eval2024=29, fullpop=1 (collapsed). constant on b0_train_fullpop (nd=1) but VARIES on b0_train_flat4y/post2018 AND on b0_eval2024. Root cause: queue.txt:167 builds frames_fullpop with --defect-detail counts -> build.py:112 -> emit.py:549 include_defects=False -> packets.py:163 writes defects_json=NULL for all 5,560,040 prior rows (measured: 0 non-null). Its paired eval frame b0_eval2024_eb_fullpop DOES carry defects. TRAIN/SERVE SKEW for cell s2.D.confirm.final.","autosafe/feature_engineering_v55.py:438,473,476"
tests_since_last_failure_tyres,partial,PARTITION_DEPENDENT,b0_train_flat4y;b0_train_post2018;b0_train_fullpop;b0_eval2024,"NOT FLAGGED BY R1 (classified partial). MEASURED n_distinct: flat4y=32, post2018=32, eval2024=33, fullpop=1 (collapsed). constant on b0_train_fullpop (nd=1) but VARIES on b0_train_flat4y/post2018 AND on b0_eval2024. Root cause: queue.txt:167 builds frames_fullpop with --defect-detail counts -> build.py:112 -> emit.py:549 include_defects=False -> packets.py:163 writes defects_json=NULL for all 5,560,040 prior rows (measured: 0 non-null). Its paired eval frame b0_eval2024_eb_fullpop DOES carry defects. TRAIN/SERVE SKEW for cell s2.D.confirm.final.","autosafe/feature_engineering_v55.py:438,473,476"
text_leak_index,unsafe_ambiguous,PARTITION_DEPENDENT,b0_train_flat4y;b0_train_post2018;b0_train_fullpop;b0_eval2024,"Varies on flat4y/post2018/eval2024 but is CONSTANT 0 on fullpop. constant on b0_train_fullpop (nd=1) but VARIES on b0_train_flat4y/post2018 AND on b0_eval2024. Root cause: queue.txt:167 builds frames_fullpop with --defect-detail counts -> build.py:112 -> emit.py:549 include_defects=False -> packets.py:163 writes defects_json=NULL for all 5,560,040 prior rows (measured: 0 non-null). Its paired eval frame b0_eval2024_eb_fullpop DOES carry defects. TRAIN/SERVE SKEW for cell s2.D.confirm.final. These are the only text_* columns that vary at all -- corrosion/wear/damage are constant 0 everywhere -- so the 'text mechanism' family reduces to a single leak keyword hit.","autosafe/feature_engineering_v55.py:510,512"
text_leak_index_log,unsafe_ambiguous,PARTITION_DEPENDENT,b0_train_flat4y;b0_train_post2018;b0_train_fullpop;b0_eval2024,"Varies on flat4y/post2018/eval2024 but is CONSTANT 0 on fullpop. constant on b0_train_fullpop (nd=1) but VARIES on b0_train_flat4y/post2018 AND on b0_eval2024. Root cause: queue.txt:167 builds frames_fullpop with --defect-detail counts -> build.py:112 -> emit.py:549 include_defects=False -> packets.py:163 writes defects_json=NULL for all 5,560,040 prior rows (measured: 0 non-null). Its paired eval frame b0_eval2024_eb_fullpop DOES carry defects. TRAIN/SERVE SKEW for cell s2.D.confirm.final. These are the only text_* columns that vary at all -- corrosion/wear/damage are constant 0 everywhere -- so the 'text mechanism' family reduces to a single leak keyword hit.","autosafe/feature_engineering_v55.py:510,513"
